Temperature,Accuracy
0.5,0.7452777777777778
1.0,0.7452777777777778
2.0,0.7452777777777778
